filepath,filename,partition,label,size_bytes,mod_time,mod_datetime,md5,is_corrupted,width,height,mode,format,aspect_ratio,phash,mean_brightness,std_brightness
c:/Github/BDC2026\train\2_Organic\O_4539.jpg,O_4539.jpg,train,2_Organic,8809,1604328412.0,2020-11-02 21:46:52,082d2d27d61756340027f67e7a5a5943,False,284,177,RGB,JPEG,1.6045197740112995,b2ce8de19c68b531,126.58426169067134,48.518968045242865
c:/Github/BDC2026\test\892.jpg,892.jpg,test,,8809,1782752596.0,2026-06-30 00:03:16,082d2d27d61756340027f67e7a5a5943,False,284,177,RGB,JPEG,1.6045197740112995,b2ce8de19c68b531,126.58426169067134,48.518968045242865
c:/Github/BDC2026\train\2_Organic\O_4749.jpg,O_4749.jpg,train,2_Organic,5153,1604328412.0,2020-11-02 21:46:52,0c3c0f17509a1a2d768dcf8b2ab7b04a,False,190,265,RGB,JPEG,0.7169811320754716,bf96e0c89960c799,190.1598344918901,52.299510949788356
c:/Github/BDC2026\test\855.jpg,855.jpg,test,,5153,1782752596.0,2026-06-30 00:03:16,0c3c0f17509a1a2d768dcf8b2ab7b04a,False,190,265,RGB,JPEG,0.7169811320754716,bf96e0c89960c799,190.1598344918901,52.299510949788356
c:/Github/BDC2026\train\2_Organic\O_4512.jpg,O_4512.jpg,train,2_Organic,13917,1604328410.0,2020-11-02 21:46:50,0d0efe6599b139cbe3900e64ffb4f2bf,False,275,183,RGB,JPEG,1.5027322404371584,e6de1c4acd19512b,119.35030965391621,73.80155013761804
c:/Github/BDC2026\test\305.jpg,305.jpg,test,,13917,1782752596.0,2026-06-30 00:03:16,0d0efe6599b139cbe3900e64ffb4f2bf,False,275,183,RGB,JPEG,1.5027322404371584,e6de1c4acd19512b,119.35030965391621,73.80155013761804
c:/Github/BDC2026\train\2_Organic\O_4664.jpg,O_4664.jpg,train,2_Organic,9201,1604328412.0,2020-11-02 21:46:52,0ef9bb847ef49ddfda08ea8761f43121,False,300,168,RGB,JPEG,1.7857142857142858,d8557eaaa41f12e4,112.65603174603176,77.18313312154392
c:/Github/BDC2026\test\457.jpg,457.jpg,test,,9201,1782752596.0,2026-06-30 00:03:16,0ef9bb847ef49ddfda08ea8761f43121,False,300,168,RGB,JPEG,1.7857142857142858,d8557eaaa41f12e4,112.65603174603176,77.18313312154392
c:/Github/BDC2026\train\2_Organic\O_4649.jpg,O_4649.jpg,train,2_Organic,7767,1604328412.0,2020-11-02 21:46:52,0f415e657b3ab99201e4aac98ed20d5f,False,259,194,RGB,JPEG,1.3350515463917525,f0cf5a5962b264d4,116.99041383062001,70.89440184654099
c:/Github/BDC2026\test\1082.jpg,1082.jpg,test,,7767,1782752596.0,2026-06-30 00:03:16,0f415e657b3ab99201e4aac98ed20d5f,False,259,194,RGB,JPEG,1.3350515463917525,f0cf5a5962b264d4,116.99041383062001,70.89440184654099
c:/Github/BDC2026\train\2_Organic\O_4480.jpg,O_4480.jpg,train,2_Organic,11139,1604328410.0,2020-11-02 21:46:50,1002e9df0eb1c2b7154bb19ef9c85a8a,False,259,194,RGB,JPEG,1.3350515463917525,b78a37710cf2ac8c,158.9443139752418,61.69631318266397
c:/Github/BDC2026\test\813.jpg,813.jpg,test,,11139,1782752596.0,2026-06-30 00:03:16,1002e9df0eb1c2b7154bb19ef9c85a8a,False,259,194,RGB,JPEG,1.3350515463917525,b78a37710cf2ac8c,158.9443139752418,61.69631318266397
c:/Github/BDC2026\train\2_Organic\O_4682.jpg,O_4682.jpg,train,2_Organic,7044,1604328412.0,2020-11-02 21:46:52,11193aaf5c68a07bd7165e58ad8c9f77,False,225,225,RGB,JPEG,1.0,bedf932c4c1a36a0,170.44719670781893,48.13222790205324
c:/Github/BDC2026\test\952.jpg,952.jpg,test,,7044,1782752596.0,2026-06-30 00:03:16,11193aaf5c68a07bd7165e58ad8c9f77,False,225,225,RGB,JPEG,1.0,bedf932c4c1a36a0,170.44719670781893,48.13222790205324
c:/Github/BDC2026\train\2_Organic\O_4533.jpg,O_4533.jpg,train,2_Organic,13245,1604328412.0,2020-11-02 21:46:52,119d3596f40075eed531696dd354fa45,False,268,188,RGB,JPEG,1.425531914893617,bfda7d0147ac6882,107.06840796019901,58.30682842167848
c:/Github/BDC2026\test\554.jpg,554.jpg,test,,13245,1782752596.0,2026-06-30 00:03:16,119d3596f40075eed531696dd354fa45,False,268,188,RGB,JPEG,1.425531914893617,bfda7d0147ac6882,107.06840796019901,58.30682842167848
c:/Github/BDC2026\train\2_Organic\O_4825.jpg,O_4825.jpg,train,2_Organic,7375,1604328412.0,2020-11-02 21:46:52,12dfeb7775db4d47d42a97c0fb2c46f7,False,305,165,RGB,JPEG,1.8484848484848484,f681c9eeb0a3051f,108.11492631230335,83.34153898379101
c:/Github/BDC2026\test\1288.jpg,1288.jpg,test,,7375,1782752596.0,2026-06-30 00:03:16,12dfeb7775db4d47d42a97c0fb2c46f7,False,305,165,RGB,JPEG,1.8484848484848484,f681c9eeb0a3051f,108.11492631230335,83.34153898379101
c:/Github/BDC2026\train\1_Electronic\Player_105.jpg,Player_105.jpg,train,1_Electronic,5679,1781617556.0,2026-06-16 20:45:56,1730b85dd03214e24d44ce834cb6a95b,False,150,150,RGB,JPEG,1.0,c8e05518c1bfba57,135.62345185185185,51.495750832878095
c:/Github/BDC2026\test\338.jpg,338.jpg,test,,5679,1782752596.0,2026-06-30 00:03:16,1730b85dd03214e24d44ce834cb6a95b,False,150,150,RGB,JPEG,1.0,c8e05518c1bfba57,135.62345185185185,51.495750832878095
c:/Github/BDC2026\train\2_Organic\O_4636.jpg,O_4636.jpg,train,2_Organic,8814,1604328412.0,2020-11-02 21:46:52,1a955d3745ee52301f76bedf0e1c5afe,False,259,194,RGB,JPEG,1.3350515463917525,b38c63f11ce36499,196.60298000504187,39.45363650117104
c:/Github/BDC2026\test\929.jpg,929.jpg,test,,8814,1782752596.0,2026-06-30 00:03:16,1a955d3745ee52301f76bedf0e1c5afe,False,259,194,RGB,JPEG,1.3350515463917525,b38c63f11ce36499,196.60298000504187,39.45363650117104
c:/Github/BDC2026\train\2_Organic\O_4603.jpg,O_4603.jpg,train,2_Organic,11876,1604328412.0,2020-11-02 21:46:52,1b98a6c3dd2fa2494690a091486fc1f7,False,223,226,RGB,JPEG,0.9867256637168141,e7b835166b8c9545,121.79131447015094,65.39862578023353
c:/Github/BDC2026\test\1274.jpg,1274.jpg,test,,11876,1782752596.0,2026-06-30 00:03:16,1b98a6c3dd2fa2494690a091486fc1f7,False,223,226,RGB,JPEG,0.9867256637168141,e7b835166b8c9545,121.79131447015094,65.39862578023353
c:/Github/BDC2026\train\2_Organic\O_4494.jpg,O_4494.jpg,train,2_Organic,9158,1604328410.0,2020-11-02 21:46:50,1d02ca2ac1e0a03037b4edc6096bef9a,False,183,275,RGB,JPEG,0.6654545454545454,d5394a872d1b351e,140.7418181818182,74.88211029992821
c:/Github/BDC2026\test\408.jpg,408.jpg,test,,9158,1782752596.0,2026-06-30 00:03:16,1d02ca2ac1e0a03037b4edc6096bef9a,False,183,275,RGB,JPEG,0.6654545454545454,d5394a872d1b351e,140.7418181818182,74.88211029992821
c:/Github/BDC2026\train\2_Organic\O_4580.jpg,O_4580.jpg,train,2_Organic,14104,1604328412.0,2020-11-02 21:46:52,20983d0305cf274c726efd952c9f1c84,False,201,251,RGB,JPEG,0.8007968127490039,b87e83603c3a6cce,142.03805012123976,72.36804344657835
c:/Github/BDC2026\test\268.jpg,268.jpg,test,,14104,1782752596.0,2026-06-30 00:03:16,20983d0305cf274c726efd952c9f1c84,False,201,251,RGB,JPEG,0.8007968127490039,b87e83603c3a6cce,142.03805012123976,72.36804344657835
c:/Github/BDC2026\train\2_Organic\O_4588.jpg,O_4588.jpg,train,2_Organic,5434,1604328412.0,2020-11-02 21:46:52,20f7593a9c445cac9569cb74a6fd7f7a,False,211,239,RGB,JPEG,0.8828451882845189,b3aecc4198939b99,161.19623629260943,53.8472103460777
c:/Github/BDC2026\test\1129.jpg,1129.jpg,test,,5434,1782752596.0,2026-06-30 00:03:16,20f7593a9c445cac9569cb74a6fd7f7a,False,211,239,RGB,JPEG,0.8828451882845189,b3aecc4198939b99,161.19623629260943,53.8472103460777
c:/Github/BDC2026\train\2_Organic\O_4786.jpg,O_4786.jpg,train,2_Organic,6778,1604328412.0,2020-11-02 21:46:52,258a036631d5a46c3b120e7957927626,False,255,198,RGB,JPEG,1.2878787878787878,ee98b133856b9265,186.06395986003827,64.83210180156121
c:/Github/BDC2026\test\294.jpg,294.jpg,test,,6778,1782752596.0,2026-06-30 00:03:16,258a036631d5a46c3b120e7957927626,False,255,198,RGB,JPEG,1.2878787878787878,ee98b133856b9265,186.06395986003827,64.83210180156121
c:/Github/BDC2026\train\2_Organic\O_4646.jpg,O_4646.jpg,train,2_Organic,11754,1604328412.0,2020-11-02 21:46:52,26a1e4fe29e8d08d1469622d48a11251,False,300,168,RGB,JPEG,1.7857142857142858,eb552d6aa432f053,92.02470238095238,55.95202319713797
c:/Github/BDC2026\test\71.jpg,71.jpg,test,,11754,1782752596.0,2026-06-30 00:03:16,26a1e4fe29e8d08d1469622d48a11251,False,300,168,RGB,JPEG,1.7857142857142858,eb552d6aa432f053,92.02470238095238,55.95202319713797
c:/Github/BDC2026\train\2_Organic\O_4816.jpg,O_4816.jpg,train,2_Organic,11785,1604328412.0,2020-11-02 21:46:52,27ea935f668538fa11ea363e956d0387,False,318,159,RGB,JPEG,2.0,aaeccd93b48141bd,164.15036325039884,77.71956782914333
c:/Github/BDC2026\test\113.jpg,113.jpg,test,,11785,1782752596.0,2026-06-30 00:03:16,27ea935f668538fa11ea363e956d0387,False,318,159,RGB,JPEG,2.0,aaeccd93b48141bd,164.15036325039884,77.71956782914333
c:/Github/BDC2026\train\2_Organic\O_4690.jpg,O_4690.jpg,train,2_Organic,7442,1604328412.0,2020-11-02 21:46:52,2ac0868633bf9e643557a8c9869449e4,False,269,187,RGB,JPEG,1.4385026737967914,926e2cc963f44bb2,57.58947445149064,61.62260445413716
c:/Github/BDC2026\test\1055.jpg,1055.jpg,test,,7442,1782752596.0,2026-06-30 00:03:16,2ac0868633bf9e643557a8c9869449e4,False,269,187,RGB,JPEG,1.4385026737967914,926e2cc963f44bb2,57.58947445149064,61.62260445413716
c:/Github/BDC2026\train\2_Organic\O_4540.jpg,O_4540.jpg,train,2_Organic,7565,1604328412.0,2020-11-02 21:46:52,2b99bdaa58210b9e0b65a08ba164d5ef,False,299,168,RGB,JPEG,1.7797619047619047,b997c478cd438666,203.0923183097096,56.65538975131951
c:/Github/BDC2026\test\1315.jpg,1315.jpg,test,,7565,1782752596.0,2026-06-30 00:03:16,2b99bdaa58210b9e0b65a08ba164d5ef,False,299,168,RGB,JPEG,1.7797619047619047,b997c478cd438666,203.0923183097096,56.65538975131951
c:/Github/BDC2026\train\2_Organic\O_4534.jpg,O_4534.jpg,train,2_Organic,8375,1604328412.0,2020-11-02 21:46:52,2c5a8ca54989b802776783baa1f9e844,False,277,182,RGB,JPEG,1.521978021978022,de44293ff5734284,99.75434733737984,69.79922991683905
c:/Github/BDC2026\test\1262.jpg,1262.jpg,test,,8375,1782752596.0,2026-06-30 00:03:16,2c5a8ca54989b802776783baa1f9e844,False,277,182,RGB,JPEG,1.521978021978022,de44293ff5734284,99.75434733737984,69.79922991683905
c:/Github/BDC2026\train\2_Organic\O_4657.jpg,O_4657.jpg,train,2_Organic,17686,1604328412.0,2020-11-02 21:46:52,2d3d97e22d573f23a37095eb0de913a9,False,300,168,RGB,JPEG,1.7857142857142858,b39e3e60b54bd841,116.69878968253967,68.63012965440834
c:/Github/BDC2026\test\897.jpg,897.jpg,test,,17686,1782752596.0,2026-06-30 00:03:16,2d3d97e22d573f23a37095eb0de913a9,False,300,168,RGB,JPEG,1.7857142857142858,b39e3e60b54bd841,116.69878968253967,68.63012965440834
c:/Github/BDC2026\train\2_Organic\O_4507.jpg,O_4507.jpg,train,2_Organic,11411,1604328410.0,2020-11-02 21:46:50,2dd1e44d012bb5c31bbe17a1a19863c5,False,259,194,RGB,JPEG,1.3350515463917525,ae0bf65a82a519c7,146.31468508272633,70.4813348984737
c:/Github/BDC2026\test\375.jpg,375.jpg,test,,11411,1782752596.0,2026-06-30 00:03:16,2dd1e44d012bb5c31bbe17a1a19863c5,False,259,194,RGB,JPEG,1.3350515463917525,ae0bf65a82a519c7,146.31468508272633,70.4813348984737
c:/Github/BDC2026\train\2_Organic\O_4483.jpg,O_4483.jpg,train,2_Organic,8497,1604328410.0,2020-11-02 21:46:50,3391cf0a1507195f70dc89238b0ad0bb,False,287,176,RGB,JPEG,1.6306818181818181,bbfb80e4e3e400dc,128.53178782599514,44.26078761935393
c:/Github/BDC2026\test\415.jpg,415.jpg,test,,8497,1782752596.0,2026-06-30 00:03:16,3391cf0a1507195f70dc89238b0ad0bb,False,287,176,RGB,JPEG,1.6306818181818181,bbfb80e4e3e400dc,128.53178782599514,44.26078761935393
c:/Github/BDC2026\train\2_Organic\O_4521.jpg,O_4521.jpg,train,2_Organic,8030,1604328412.0,2020-11-02 21:46:52,38cd7db69edc9c7d7543a5072af7ef20,False,260,194,RGB,JPEG,1.3402061855670102,95fe46c1788e2b31,70.78096087761037,39.44587895450555
c:/Github/BDC2026\test\994.jpg,994.jpg,test,,8030,1782752596.0,2026-06-30 00:03:16,38cd7db69edc9c7d7543a5072af7ef20,False,260,194,RGB,JPEG,1.3402061855670102,95fe46c1788e2b31,70.78096087761037,39.44587895450555
c:/Github/BDC2026\train\2_Organic\O_4768.jpg,O_4768.jpg,train,2_Organic,9229,1604328412.0,2020-11-02 21:46:52,3b934dad78f04661821514eabe24a374,False,300,168,RGB,JPEG,1.7857142857142858,b1d0c0cfc71b931b,127.54738756613756,70.9549297299285
c:/Github/BDC2026\test\811.jpg,811.jpg,test,,9229,1782752596.0,2026-06-30 00:03:16,3b934dad78f04661821514eabe24a374,False,300,168,RGB,JPEG,1.7857142857142858,b1d0c0cfc71b931b,127.54738756613756,70.9549297299285
c:/Github/BDC2026\train\2_Organic\O_4571.jpg,O_4571.jpg,train,2_Organic,3791,1604328412.0,2020-11-02 21:46:52,3ed6416fe549ceb79fe94127d5685bb7,False,272,185,RGB,JPEG,1.4702702702702704,cad2852da5ad934b,214.57937864334926,55.329977647355044
c:/Github/BDC2026\test\447.jpg,447.jpg,test,,3791,1782752596.0,2026-06-30 00:03:16,3ed6416fe549ceb79fe94127d5685bb7,False,272,185,RGB,JPEG,1.4702702702702704,cad2852da5ad934b,214.57937864334926,55.329977647355044
c:/Github/BDC2026\train\2_Organic\O_4482.jpg,O_4482.jpg,train,2_Organic,12551,1604328410.0,2020-11-02 21:46:50,41a10cc8785ffda120bbbc314172940a,False,259,194,RGB,JPEG,1.3350515463917525,b749ba537a95a0a1,106.83529037137284,62.24539663366077
c:/Github/BDC2026\test\24.jpg,24.jpg,test,,12551,1782752596.0,2026-06-30 00:03:16,41a10cc8785ffda120bbbc314172940a,False,259,194,RGB,JPEG,1.3350515463917525,b749ba537a95a0a1,106.83529037137284,62.24539663366077
c:/Github/BDC2026\train\2_Organic\O_4469.jpg,O_4469.jpg,train,2_Organic,14525,1604328410.0,2020-11-02 21:46:50,43144f5ecd9d3d1cd7e60ce7064ebdc0,False,301,167,RGB,JPEG,1.8023952095808384,9cf8a09bd7c74053,109.4869065855001,68.87613038495222
c:/Github/BDC2026\test\467.jpg,467.jpg,test,,14525,1782752596.0,2026-06-30 00:03:16,43144f5ecd9d3d1cd7e60ce7064ebdc0,False,301,167,RGB,JPEG,1.8023952095808384,9cf8a09bd7c74053,109.4869065855001,68.87613038495222
c:/Github/BDC2026\train\2_Organic\O_4505.jpg,O_4505.jpg,train,2_Organic,10902,1604328410.0,2020-11-02 21:46:50,482ec5efef61c9751ccd2e8c5eaefb36,False,310,163,RGB,JPEG,1.901840490797546,f5ea09a21fa16c39,123.90645161290324,75.58379428305257
c:/Github/BDC2026\test\747.jpg,747.jpg,test,,10902,1782752596.0,2026-06-30 00:03:16,482ec5efef61c9751ccd2e8c5eaefb36,False,310,163,RGB,JPEG,1.901840490797546,f5ea09a21fa16c39,123.90645161290324,75.58379428305257
c:/Github/BDC2026\train\2_Organic\O_4501.jpg,O_4501.jpg,train,2_Organic,9540,1604328410.0,2020-11-02 21:46:50,483a61f13b94a62b4f3221a5f1189c02,False,260,194,RGB,JPEG,1.3402061855670102,deb3ea94e858a0c6,115.50607322231032,55.472226375889505
c:/Github/BDC2026\test\668.jpg,668.jpg,test,,9540,1782752596.0,2026-06-30 00:03:16,483a61f13b94a62b4f3221a5f1189c02,False,260,194,RGB,JPEG,1.3402061855670102,deb3ea94e858a0c6,115.50607322231032,55.472226375889505
c:/Github/BDC2026\train\2_Organic\O_4693.jpg,O_4693.jpg,train,2_Organic,12571,1604328412.0,2020-11-02 21:46:52,4e1aea70bf4edbfd3827cc4fb10649c4,False,300,168,RGB,JPEG,1.7857142857142858,91a45fe3ee045b19,79.40035052910052,70.91283728187524
c:/Github/BDC2026\test\1380.jpg,1380.jpg,test,,12571,1782752596.0,2026-06-30 00:03:16,4e1aea70bf4edbfd3827cc4fb10649c4,False,300,168,RGB,JPEG,1.7857142857142858,91a45fe3ee045b19,79.40035052910052,70.91283728187524
c:/Github/BDC2026\train\2_Organic\O_4685.jpg,O_4685.jpg,train,2_Organic,10794,1604328412.0,2020-11-02 21:46:52,501ff85596a22c14496c51261cad00c4,False,225,225,RGB,JPEG,1.0,e6e06e8c4abc9963,91.50891193415639,55.640885994980216
c:/Github/BDC2026\test\520.jpg,520.jpg,test,,10794,1782752596.0,2026-06-30 00:03:16,501ff85596a22c14496c51261cad00c4,False,225,225,RGB,JPEG,1.0,e6e06e8c4abc9963,91.50891193415639,55.640885994980216
c:/Github/BDC2026\train\2_Organic\O_4799.jpg,O_4799.jpg,train,2_Organic,6475,1604328412.0,2020-11-02 21:46:52,5167156e9b96b4018118b0ffce328b6d,False,275,183,RGB,JPEG,1.5027322404371584,eab0858f96783966,186.86381851299885,82.1124686983088
c:/Github/BDC2026\test\1442.jpg,1442.jpg,test,,6475,1782752596.0,2026-06-30 00:03:16,5167156e9b96b4018118b0ffce328b6d,False,275,183,RGB,JPEG,1.5027322404371584,eab0858f96783966,186.86381851299885,82.1124686983088
c:/Github/BDC2026\train\2_Organic\O_5064.jpg,O_5064.jpg,train,2_Organic,7529,1604328412.0,2020-11-02 21:46:52,556dd8488fc505fe5330d5f2a3ce67f3,False,300,168,RGB,JPEG,1.7857142857142858,e587986560e3d8f4,144.43204365079364,55.57329855818508
c:/Github/BDC2026\test\240.jpg,240.jpg,test,,7529,1782752596.0,2026-06-30 00:03:16,556dd8488fc505fe5330d5f2a3ce67f3,False,300,168,RGB,JPEG,1.7857142857142858,e587986560e3d8f4,144.43204365079364,55.57329855818508
c:/Github/BDC2026\train\2_Organic\O_4943.jpg,O_4943.jpg,train,2_Organic,15227,1604328412.0,2020-11-02 21:46:52,57abd6f1472de08bd4c8a6b868c421f5,False,259,194,RGB,JPEG,1.3350515463917525,adfab479945681d0,105.05656835038279,71.81089451681338
c:/Github/BDC2026\test\94.jpg,94.jpg,test,,15227,1782752596.0,2026-06-30 00:03:16,57abd6f1472de08bd4c8a6b868c421f5,False,259,194,RGB,JPEG,1.3350515463917525,adfab479945681d0,105.05656835038279,71.81089451681338
c:/Github/BDC2026\train\2_Organic\O_4994.jpg,O_4994.jpg,train,2_Organic,9050,1604328412.0,2020-11-02 21:46:52,5b82002868c865d10a17526e2493baa8,False,183,275,RGB,JPEG,0.6654545454545454,a180dc7eef05f20b,152.81441298228182,72.19539477199241
c:/Github/BDC2026\test\1361.jpg,1361.jpg,test,,9050,1782752596.0,2026-06-30 00:03:16,5b82002868c865d10a17526e2493baa8,False,183,275,RGB,JPEG,0.6654545454545454,a180dc7eef05f20b,152.81441298228182,72.19539477199241
c:/Github/BDC2026\train\2_Organic\O_5000.jpg,O_5000.jpg,train,2_Organic,13100,1604328412.0,2020-11-02 21:46:52,5cd0c9832440fe9991e6b393ef525fca,False,318,159,RGB,JPEG,2.0,8b0e48ee65f719c8,120.21446277177854,77.62341916407223
c:/Github/BDC2026\test\1183.jpg,1183.jpg,test,,13100,1782752596.0,2026-06-30 00:03:16,5cd0c9832440fe9991e6b393ef525fca,False,318,159,RGB,JPEG,2.0,8b0e48ee65f719c8,120.21446277177854,77.62341916407223
c:/Github/BDC2026\train\2_Organic\O_4720.jpg,O_4720.jpg,train,2_Organic,8286,1604328412.0,2020-11-02 21:46:52,5d597368e86ac56c5d6e48bce6be6ecb,False,300,168,RGB,JPEG,1.7857142857142858,efb80e75e09e41c1,144.25452380952382,69.17522121308616
c:/Github/BDC2026\test\1336.jpg,1336.jpg,test,,8286,1782752596.0,2026-06-30 00:03:16,5d597368e86ac56c5d6e48bce6be6ecb,False,300,168,RGB,JPEG,1.7857142857142858,efb80e75e09e41c1,144.25452380952382,69.17522121308616
c:/Github/BDC2026\train\2_Organic\O_4493.jpg,O_4493.jpg,train,2_Organic,10892,1604328410.0,2020-11-02 21:46:50,6033e4ef9d7dba1bd6f08b24b9ea4988,False,183,276,RGB,JPEG,0.6630434782608695,b7cc4893a17ec668,133.74303740661546,55.30862603226992
c:/Github/BDC2026\test\1340.jpg,1340.jpg,test,,10892,1782752596.0,2026-06-30 00:03:16,6033e4ef9d7dba1bd6f08b24b9ea4988,False,183,276,RGB,JPEG,0.6630434782608695,b7cc4893a17ec668,133.74303740661546,55.30862603226992
c:/Github/BDC2026\train\2_Organic\O_4629.jpg,O_4629.jpg,train,2_Organic,11192,1604328412.0,2020-11-02 21:46:52,6b1ec6ea86ecf2a8ffc02ae4b143a5ef,False,300,168,RGB,JPEG,1.7857142857142858,aa70cd96417bba07,115.02000661375662,55.62822559785267
c:/Github/BDC2026\test\846.jpg,846.jpg,test,,11192,1782752596.0,2026-06-30 00:03:16,6b1ec6ea86ecf2a8ffc02ae4b143a5ef,False,300,168,RGB,JPEG,1.7857142857142858,aa70cd96417bba07,115.02000661375662,55.62822559785267
c:/Github/BDC2026\train\1_Electronic\Player_45.jpg,Player_45.jpg,train,1_Electronic,4157,1781617530.0,2026-06-16 20:45:30,706703d918dbda0bab7c1422a6b94db9,False,150,150,RGB,JPEG,1.0,bfd2c049c33fc660,190.00685925925927,78.29498445527138
c:/Github/BDC2026\test\979.jpg,979.jpg,test,,4157,1782752596.0,2026-06-30 00:03:16,706703d918dbda0bab7c1422a6b94db9,False,150,150,RGB,JPEG,1.0,bfd2c049c33fc660,190.00685925925927,78.29498445527138
c:/Github/BDC2026\train\2_Organic\O_4487.jpg,O_4487.jpg,train,2_Organic,8607,1604328410.0,2020-11-02 21:46:50,70787e8ea41724306dacffbae76159b6,False,279,180,RGB,JPEG,1.55,a8d6a6d30790ce3d,180.10129430505776,65.35215392338038
c:/Github/BDC2026\test\1433.jpg,1433.jpg,test,,8607,1782752596.0,2026-06-30 00:03:16,70787e8ea41724306dacffbae76159b6,False,279,180,RGB,JPEG,1.55,a8d6a6d30790ce3d,180.10129430505776,65.35215392338038
c:/Github/BDC2026\train\2_Organic\O_4640.jpg,O_4640.jpg,train,2_Organic,6799,1604328412.0,2020-11-02 21:46:52,71648ce6092e9ded22e70ab636c5b26d,False,282,179,RGB,JPEG,1.5754189944134078,eab9d2ac0de28ca6,185.7098009693992,41.69711164379063
c:/Github/BDC2026\test\231.jpg,231.jpg,test,,6799,1782752596.0,2026-06-30 00:03:16,71648ce6092e9ded22e70ab636c5b26d,False,282,179,RGB,JPEG,1.5754189944134078,eab9d2ac0de28ca6,185.7098009693992,41.69711164379063
c:/Github/BDC2026\train\2_Organic\O_4731.jpg,O_4731.jpg,train,2_Organic,10888,1604328412.0,2020-11-02 21:46:52,7236cec5f98aa78c5a046dfec4efe9d1,False,275,183,RGB,JPEG,1.5027322404371584,bb94c44bc633339c,191.84717337307504,78.5387645551127
c:/Github/BDC2026\test\168.jpg,168.jpg,test,,10888,1782752596.0,2026-06-30 00:03:16,7236cec5f98aa78c5a046dfec4efe9d1,False,275,183,RGB,JPEG,1.5027322404371584,bb94c44bc633339c,191.84717337307504,78.5387645551127
c:/Github/BDC2026\train\2_Organic\O_4500.jpg,O_4500.jpg,train,2_Organic,6554,1604328410.0,2020-11-02 21:46:50,79de262dcf720aa6e9a4b686a0ea77b0,False,326,155,RGB,JPEG,2.1032258064516127,e49896699ae59966,199.58884491061417,73.82341189002813
c:/Github/BDC2026\test\421.jpg,421.jpg,test,,6554,1782752596.0,2026-06-30 00:03:16,79de262dcf720aa6e9a4b686a0ea77b0,False,326,155,RGB,JPEG,2.1032258064516127,e49896699ae59966,199.58884491061417,73.82341189002813
c:/Github/BDC2026\train\2_Organic\O_4801.jpg,O_4801.jpg,train,2_Organic,10804,1604328412.0,2020-11-02 21:46:52,7ae86618ea239cc341a40c77f1bb421c,False,276,183,RGB,JPEG,1.5081967213114753,eca1a75c9bd06263,160.374138750297,74.20600881595337
c:/Github/BDC2026\test\538.jpg,538.jpg,test,,10804,1782752596.0,2026-06-30 00:03:16,7ae86618ea239cc341a40c77f1bb421c,False,276,183,RGB,JPEG,1.5081967213114753,eca1a75c9bd06263,160.374138750297,74.20600881595337
c:/Github/BDC2026\train\2_Organic\O_4515.jpg,O_4515.jpg,train,2_Organic,12082,1604328410.0,2020-11-02 21:46:50,7b3cc4155a92aac452554046d36083b1,False,275,183,RGB,JPEG,1.5027322404371584,96b12a5b8764f952,128.35319754926311,59.501560832477224
c:/Github/BDC2026\test\765.jpg,765.jpg,test,,12082,1782752596.0,2026-06-30 00:03:16,7b3cc4155a92aac452554046d36083b1,False,275,183,RGB,JPEG,1.5027322404371584,96b12a5b8764f952,128.35319754926311,59.501560832477224
c:/Github/BDC2026\train\2_Organic\O_4866.jpg,O_4866.jpg,train,2_Organic,6009,1604328412.0,2020-11-02 21:46:52,7e6508b9622e848432700d4d5b0e910e,False,274,184,RGB,JPEG,1.4891304347826086,910837a7877ba03f,77.49507431503226,44.480547000603536
c:/Github/BDC2026\test\291.jpg,291.jpg,test,,6009,1782752596.0,2026-06-30 00:03:16,7e6508b9622e848432700d4d5b0e910e,False,274,184,RGB,JPEG,1.4891304347826086,910837a7877ba03f,77.49507431503226,44.480547000603536
c:/Github/BDC2026\train\2_Organic\O_4610.jpg,O_4610.jpg,train,2_Organic,14247,1604328412.0,2020-11-02 21:46:52,82c10b29c02293876d95f515dbab25bf,False,183,275,RGB,JPEG,0.6654545454545454,900b936fc9dc3c4d,98.5233780427223,66.7917440705234
c:/Github/BDC2026\test\287.jpg,287.jpg,test,,14247,1782752596.0,2026-06-30 00:03:16,82c10b29c02293876d95f515dbab25bf,False,183,275,RGB,JPEG,0.6654545454545454,900b936fc9dc3c4d,98.5233780427223,66.7917440705234
c:/Github/BDC2026\train\2_Organic\O_4736.jpg,O_4736.jpg,train,2_Organic,9704,1604328412.0,2020-11-02 21:46:52,855c01a2f86c8aba381279cdbf9a9dc6,False,195,258,RGB,JPEG,0.7558139534883721,af8787218e83dce8,151.9642814549791,81.07957537517508
c:/Github/BDC2026\test\1381.jpg,1381.jpg,test,,9704,1782752596.0,2026-06-30 00:03:16,855c01a2f86c8aba381279cdbf9a9dc6,False,195,258,RGB,JPEG,0.7558139534883721,af8787218e83dce8,151.9642814549791,81.07957537517508
c:/Github/BDC2026\train\2_Organic\O_4506.jpg,O_4506.jpg,train,2_Organic,7953,1604328410.0,2020-11-02 21:46:50,85fa315a3fa493a8ba5630f53ec21d1a,False,275,183,RGB,JPEG,1.5027322404371584,d10f7e314f436564,106.4989501573108,50.57394420004099
c:/Github/BDC2026\test\1078.jpg,1078.jpg,test,,7953,1782752596.0,2026-06-30 00:03:16,85fa315a3fa493a8ba5630f53ec21d1a,False,275,183,RGB,JPEG,1.5027322404371584,d10f7e314f436564,106.4989501573108,50.57394420004099
c:/Github/BDC2026\train\2_Organic\O_4695.jpg,O_4695.jpg,train,2_Organic,16841,1604328412.0,2020-11-02 21:46:52,86573074357dd287056d1e33be847755,False,267,189,RGB,JPEG,1.4126984126984128,9052392bff63b01b,86.18485491019823,68.75934990857941
c:/Github/BDC2026\test\1164.jpg,1164.jpg,test,,16841,1782752596.0,2026-06-30 00:03:16,86573074357dd287056d1e33be847755,False,267,189,RGB,JPEG,1.4126984126984128,9052392bff63b01b,86.18485491019823,68.75934990857941
c:/Github/BDC2026\train\2_Organic\O_4498.jpg,O_4498.jpg,train,2_Organic,4271,1604328410.0,2020-11-02 21:46:50,8945dc454e857c01d827b2476d634af2,False,299,169,RGB,JPEG,1.7692307692307692,ac93c4639b4dcc6c,145.84538204270646,55.615296061594414
c:/Github/BDC2026\test\1173.jpg,1173.jpg,test,,4271,1782752596.0,2026-06-30 00:03:16,8945dc454e857c01d827b2476d634af2,False,299,169,RGB,JPEG,1.7692307692307692,ac93c4639b4dcc6c,145.84538204270646,55.615296061594414
c:/Github/BDC2026\train\2_Organic\O_4567.jpg,O_4567.jpg,train,2_Organic,10705,1604328412.0,2020-11-02 21:46:52,8b301f5175c3ce6f1d392095d3349f9f,False,201,251,RGB,JPEG,0.8007968127490039,ab0fdcfcb020c2d3,184.44551478992818,71.81181898313714
c:/Github/BDC2026\test\54.jpg,54.jpg,test,,10705,1782752596.0,2026-06-30 00:03:16,8b301f5175c3ce6f1d392095d3349f9f,False,201,251,RGB,JPEG,0.8007968127490039,ab0fdcfcb020c2d3,184.44551478992818,71.81181898313714
c:/Github/BDC2026\train\2_Organic\O_4594.jpg,O_4594.jpg,train,2_Organic,11166,1604328412.0,2020-11-02 21:46:52,8b8208e5c8e0242b43e2085da31de734,False,263,192,RGB,JPEG,1.3697916666666667,bf31e0c0c61b63c7,156.265334547951,76.65439583550237
c:/Github/BDC2026\test\1305.jpg,1305.jpg,test,,11166,1782752596.0,2026-06-30 00:03:16,8b8208e5c8e0242b43e2085da31de734,False,263,192,RGB,JPEG,1.3697916666666667,bf31e0c0c61b63c7,156.265334547951,76.65439583550237
c:/Github/BDC2026\train\2_Organic\O_4574.jpg,O_4574.jpg,train,2_Organic,8555,1604328412.0,2020-11-02 21:46:52,8cdbb86080f5466542d72047958cd4c9,False,286,176,RGB,JPEG,1.625,fb8bcc32c4b126b1,186.63513191354102,92.4181438524263
c:/Github/BDC2026\test\289.jpg,289.jpg,test,,8555,1782752596.0,2026-06-30 00:03:16,8cdbb86080f5466542d72047958cd4c9,False,286,176,RGB,JPEG,1.625,fb8bcc32c4b126b1,186.63513191354102,92.4181438524263
c:/Github/BDC2026\train\2_Organic\O_4620.jpg,O_4620.jpg,train,2_Organic,10694,1604328412.0,2020-11-02 21:46:52,934ae1a85a11e9edddb4def384f9ef24,False,225,225,RGB,JPEG,1.0,e0d2ebc2e11db1b4,130.57343209876544,56.23761564282825
c:/Github/BDC2026\test\1454.jpg,1454.jpg,test,,10694,1782752596.0,2026-06-30 00:03:16,934ae1a85a11e9edddb4def384f9ef24,False,225,225,RGB,JPEG,1.0,e0d2ebc2e11db1b4,130.57343209876544,56.23761564282825
c:/Github/BDC2026\train\2_Organic\O_4624.jpg,O_4624.jpg,train,2_Organic,14283,1604328412.0,2020-11-02 21:46:52,97f1f9d9adabee8ebd6727638ec42bc0,False,259,194,RGB,JPEG,1.3350515463917525,e4e7319c9ce1035e,105.77542490944552,54.89211126383983
c:/Github/BDC2026\test\409.jpg,409.jpg,test,,14283,1782752596.0,2026-06-30 00:03:16,97f1f9d9adabee8ebd6727638ec42bc0,False,259,194,RGB,JPEG,1.3350515463917525,e4e7319c9ce1035e,105.77542490944552,54.89211126383983
c:/Github/BDC2026\train\2_Organic\O_4581.jpg,O_4581.jpg,train,2_Organic,6793,1604328412.0,2020-11-02 21:46:52,9ba79d1a84e854713b327efff56edbd5,False,225,225,RGB,JPEG,1.0,daa24e49a6695d9a,169.99484444444445,62.90779638229147
c:/Github/BDC2026\test\57.jpg,57.jpg,test,,6793,1782752596.0,2026-06-30 00:03:16,9ba79d1a84e854713b327efff56edbd5,False,225,225,RGB,JPEG,1.0,daa24e49a6695d9a,169.99484444444445,62.90779638229147
c:/Github/BDC2026\train\2_Organic\O_4463.jpg,O_4463.jpg,train,2_Organic,9235,1604328410.0,2020-11-02 21:46:50,9da1e7fa2df53dbec13bbe77440f82ef,False,259,194,RGB,JPEG,1.3350515463917525,d2b3ad0c41397cb5,160.7448420438111,64.14026833639902
c:/Github/BDC2026\test\271.jpg,271.jpg,test,,9235,1782752596.0,2026-06-30 00:03:16,9da1e7fa2df53dbec13bbe77440f82ef,False,259,194,RGB,JPEG,1.3350515463917525,d2b3ad0c41397cb5,160.7448420438111,64.14026833639902
c:/Github/BDC2026\train\2_Organic\O_4785.jpg,O_4785.jpg,train,2_Organic,3681,1604328412.0,2020-11-02 21:46:52,9faef0c91932cc0d9e16e97fe4cafc8f,False,198,255,RGB,JPEG,0.7764705882352941,e593923896cdc939,220.7187165775401,51.62486269066571
c:/Github/BDC2026\test\545.jpg,545.jpg,test,,3681,1782752596.0,2026-06-30 00:03:16,9faef0c91932cc0d9e16e97fe4cafc8f,False,198,255,RGB,JPEG,0.7764705882352941,e593923896cdc939,220.7187165775401,51.62486269066571
c:/Github/BDC2026\train\2_Organic\O_4570.jpg,O_4570.jpg,train,2_Organic,17819,1604328412.0,2020-11-02 21:46:52,aa63f4e0f75cdb47ae0997a92436edbc,False,274,184,RGB,JPEG,1.4891304347826086,83a91a685cf6ceaa,142.3823521633344,63.29838152656645
c:/Github/BDC2026\test\1052.jpg,1052.jpg,test,,17819,1782752596.0,2026-06-30 00:03:16,aa63f4e0f75cdb47ae0997a92436edbc,False,274,184,RGB,JPEG,1.4891304347826086,83a91a685cf6ceaa,142.3823521633344,63.29838152656645
c:/Github/BDC2026\train\2_Organic\O_4833.jpg,O_4833.jpg,train,2_Organic,6194,1604328412.0,2020-11-02 21:46:52,b529a6e0d157c5070b012f22115b46d6,False,297,170,RGB,JPEG,1.7470588235294118,fa84954fc56a6790,210.24039743843664,57.23495690325033
c:/Github/BDC2026\test\355.jpg,355.jpg,test,,6194,1782752596.0,2026-06-30 00:03:16,b529a6e0d157c5070b012f22115b46d6,False,297,170,RGB,JPEG,1.7470588235294118,fa84954fc56a6790,210.24039743843664,57.23495690325033
c:/Github/BDC2026\train\2_Organic\O_4853.jpg,O_4853.jpg,train,2_Organic,10320,1604328412.0,2020-11-02 21:46:52,b62d8eb5a9c002907782a1e3627d0758,False,517,97,RGB,JPEG,5.329896907216495,8cb08fb78f218db1,105.1949590221141,63.628965388612734
c:/Github/BDC2026\test\974.jpg,974.jpg,test,,10320,1782752596.0,2026-06-30 00:03:16,b62d8eb5a9c002907782a1e3627d0758,False,517,97,RGB,JPEG,5.329896907216495,8cb08fb78f218db1,105.1949590221141,63.628965388612734
c:/Github/BDC2026\train\2_Organic\O_4602.jpg,O_4602.jpg,train,2_Organic,6696,1604328412.0,2020-11-02 21:46:52,bc866fe77f7511bd86ae0ecf0102ec20,False,282,179,RGB,JPEG,1.5754189944134078,944e5951af3c443f,147.8710725464559,58.09295412677317
c:/Github/BDC2026\test\367.jpg,367.jpg,test,,6696,1782752596.0,2026-06-30 00:03:16,bc866fe77f7511bd86ae0ecf0102ec20,False,282,179,RGB,JPEG,1.5754189944134078,944e5951af3c443f,147.8710725464559,58.09295412677317
c:/Github/BDC2026\train\2_Organic\O_4481.jpg,O_4481.jpg,train,2_Organic,9320,1604328410.0,2020-11-02 21:46:50,bf9cef9c224c60cd5bc1248e7eb07d72,False,286,176,RGB,JPEG,1.625,aeb4d143ce9d2670,193.06216226954862,83.04451411792276
c:/Github/BDC2026\test\91.jpg,91.jpg,test,,9320,1782752596.0,2026-06-30 00:03:16,bf9cef9c224c60cd5bc1248e7eb07d72,False,286,176,RGB,JPEG,1.625,aeb4d143ce9d2670,193.06216226954862,83.04451411792276
c:/Github/BDC2026\train\2_Organic\O_4489.jpg,O_4489.jpg,train,2_Organic,10076,1604328410.0,2020-11-02 21:46:50,c092533c9f8a1d039dcd9c64fce9760d,False,287,176,RGB,JPEG,1.6306818181818181,cc6da327e286e532,108.90477510294583,48.68323016902814
c:/Github/BDC2026\test\1243.jpg,1243.jpg,test,,10076,1782752596.0,2026-06-30 00:03:16,c092533c9f8a1d039dcd9c64fce9760d,False,287,176,RGB,JPEG,1.6306818181818181,cc6da327e286e532,108.90477510294583,48.68323016902814
c:/Github/BDC2026\train\2_Organic\O_4775.jpg,O_4775.jpg,train,2_Organic,4418,1604328412.0,2020-11-02 21:46:52,c9eeaf17b6aac8e428f8feb52ae0d669,False,259,194,RGB,JPEG,1.3350515463917525,c6cc69139136bfc1,42.54618609773249,48.097382289144065
c:/Github/BDC2026\test\120.jpg,120.jpg,test,,4418,1782752596.0,2026-06-30 00:03:16,c9eeaf17b6aac8e428f8feb52ae0d669,False,259,194,RGB,JPEG,1.3350515463917525,c6cc69139136bfc1,42.54618609773249,48.097382289144065
c:/Github/BDC2026\train\2_Organic\O_4471.jpg,O_4471.jpg,train,2_Organic,10566,1604328410.0,2020-11-02 21:46:50,cdfebf4fb35b079204fd1c1f8a5b4539,False,259,195,RGB,JPEG,1.3282051282051281,e3b5a0c4964a9bd9,118.14430254430255,73.24213936463208
c:/Github/BDC2026\test\276.jpg,276.jpg,test,,10566,1782752596.0,2026-06-30 00:03:16,cdfebf4fb35b079204fd1c1f8a5b4539,False,259,195,RGB,JPEG,1.3282051282051281,e3b5a0c4964a9bd9,118.14430254430255,73.24213936463208
c:/Github/BDC2026\train\2_Organic\O_4550.jpg,O_4550.jpg,train,2_Organic,9648,1604328412.0,2020-11-02 21:46:52,ce3165d9110eb22c1f1e798bf791302e,False,225,225,RGB,JPEG,1.0,d30c431eb3e9953a,104.01722469135802,74.73970550878268
c:/Github/BDC2026\test\1194.jpg,1194.jpg,test,,9648,1782752596.0,2026-06-30 00:03:16,ce3165d9110eb22c1f1e798bf791302e,False,225,225,RGB,JPEG,1.0,d30c431eb3e9953a,104.01722469135802,74.73970550878268
c:/Github/BDC2026\train\2_Organic\O_4857.jpg,O_4857.jpg,train,2_Organic,7409,1604328412.0,2020-11-02 21:46:52,d03c8c995d47951f4f3be32bc6a1114c,False,328,154,RGB,JPEG,2.1298701298701297,8fc3f0b6f43b810c,137.78915901172,53.0531606466638
c:/Github/BDC2026\test\657.jpg,657.jpg,test,,7409,1782752596.0,2026-06-30 00:03:16,d03c8c995d47951f4f3be32bc6a1114c,False,328,154,RGB,JPEG,2.1298701298701297,8fc3f0b6f43b810c,137.78915901172,53.0531606466638
c:/Github/BDC2026\train\2_Organic\O_4563.jpg,O_4563.jpg,train,2_Organic,11935,1604328412.0,2020-11-02 21:46:52,d140388f0ad96b7293ee413015d68889,False,259,194,RGB,JPEG,1.3350515463917525,9b256844b259ef5a,96.43668484390135,50.93809486904919
c:/Github/BDC2026\test\322.jpg,322.jpg,test,,11935,1782752596.0,2026-06-30 00:03:16,d140388f0ad96b7293ee413015d68889,False,259,194,RGB,JPEG,1.3350515463917525,9b256844b259ef5a,96.43668484390135,50.93809486904919
c:/Github/BDC2026\train\2_Organic\O_4691.jpg,O_4691.jpg,train,2_Organic,10144,1604328412.0,2020-11-02 21:46:52,d14bae4aa44538ec39323a41353e1f6f,False,188,268,RGB,JPEG,0.7014925373134329,c4ce67921cbb0abc,138.73414840690165,56.23542888742219
c:/Github/BDC2026\test\725.jpg,725.jpg,test,,10144,1782752596.0,2026-06-30 00:03:16,d14bae4aa44538ec39323a41353e1f6f,False,188,268,RGB,JPEG,0.7014925373134329,c4ce67921cbb0abc,138.73414840690165,56.23542888742219
c:/Github/BDC2026\train\2_Organic\O_4638.jpg,O_4638.jpg,train,2_Organic,5231,1604328412.0,2020-11-02 21:46:52,d39f1c44ee1bbd124e5f0fb11dec1d65,False,202,250,RGB,JPEG,0.808,af9cda6198c069ce,213.4690693069307,53.0103315814566
c:/Github/BDC2026\test\1095.jpg,1095.jpg,test,,5231,1782752596.0,2026-06-30 00:03:16,d39f1c44ee1bbd124e5f0fb11dec1d65,False,202,250,RGB,JPEG,0.808,af9cda6198c069ce,213.4690693069307,53.0103315814566
c:/Github/BDC2026\train\2_Organic\O_4470.jpg,O_4470.jpg,train,2_Organic,8406,1604328410.0,2020-11-02 21:46:50,d59f5bfb59c8685800e165e2b3cf80e8,False,275,183,RGB,JPEG,1.5027322404371584,aab990d6d86ba516,150.06188441794998,62.93265721794936
c:/Github/BDC2026\test\739.jpg,739.jpg,test,,8406,1782752596.0,2026-06-30 00:03:16,d59f5bfb59c8685800e165e2b3cf80e8,False,275,183,RGB,JPEG,1.5027322404371584,aab990d6d86ba516,150.06188441794998,62.93265721794936
c:/Github/BDC2026\train\2_Organic\O_4789.jpg,O_4789.jpg,train,2_Organic,9961,1604328412.0,2020-11-02 21:46:52,d645187638c14c2a1cb61edfe3f4bcaa,False,299,169,RGB,JPEG,1.7692307692307692,aa94d54a6178bca7,127.08753042686668,57.3224916610902
c:/Github/BDC2026\test\590.jpg,590.jpg,test,,9961,1782752596.0,2026-06-30 00:03:16,d645187638c14c2a1cb61edfe3f4bcaa,False,299,169,RGB,JPEG,1.7692307692307692,aa94d54a6178bca7,127.08753042686668,57.3224916610902
c:/Github/BDC2026\train\2_Organic\O_4703.jpg,O_4703.jpg,train,2_Organic,10758,1604328412.0,2020-11-02 21:46:52,d922d25e8337947946c3901d44b99ac9,False,259,194,RGB,JPEG,1.3350515463917525,e0c6979ada395961,132.97884408709152,64.08052350139984
c:/Github/BDC2026\test\284.jpg,284.jpg,test,,10758,1782752596.0,2026-06-30 00:03:16,d922d25e8337947946c3901d44b99ac9,False,259,194,RGB,JPEG,1.3350515463917525,e0c6979ada395961,132.97884408709152,64.08052350139984
c:/Github/BDC2026\train\2_Organic\O_4722.jpg,O_4722.jpg,train,2_Organic,11569,1604328412.0,2020-11-02 21:46:52,dde6a2ee629aabf51d19e5a26bcab436,False,258,195,RGB,JPEG,1.323076923076923,f74741c1620e9b57,152.043039819784,63.8348397857583
c:/Github/BDC2026\test\1060.jpg,1060.jpg,test,,11569,1782752596.0,2026-06-30 00:03:16,dde6a2ee629aabf51d19e5a26bcab436,False,258,195,RGB,JPEG,1.323076923076923,f74741c1620e9b57,152.043039819784,63.8348397857583
c:/Github/BDC2026\train\2_Organic\O_4486.jpg,O_4486.jpg,train,2_Organic,13509,1604328410.0,2020-11-02 21:46:50,e24045cf6273c6d423a96a75794df08a,False,267,189,RGB,JPEG,1.4126984126984128,805fe54d8f06833f,151.85552450970678,56.312502993254334
c:/Github/BDC2026\test\1421.jpg,1421.jpg,test,,13509,1782752596.0,2026-06-30 00:03:16,e24045cf6273c6d423a96a75794df08a,False,267,189,RGB,JPEG,1.4126984126984128,805fe54d8f06833f,151.85552450970678,56.312502993254334
c:/Github/BDC2026\train\2_Organic\O_4546.jpg,O_4546.jpg,train,2_Organic,6922,1604328412.0,2020-11-02 21:46:52,e4f6a12a1659dece45d0ccc192445f4d,False,239,211,RGB,JPEG,1.132701421800948,fa39a5e4d2c0cb83,144.33678372893903,102.46591253854415
c:/Github/BDC2026\test\529.jpg,529.jpg,test,,6922,1782752596.0,2026-06-30 00:03:16,e4f6a12a1659dece45d0ccc192445f4d,False,239,211,RGB,JPEG,1.132701421800948,fa39a5e4d2c0cb83,144.33678372893903,102.46591253854415
c:/Github/BDC2026\train\2_Organic\O_4928.jpg,O_4928.jpg,train,2_Organic,7145,1604328412.0,2020-11-02 21:46:52,e59c3e81ed5f1c5055f05ec92a4a0a6a,False,297,170,RGB,JPEG,1.7470588235294118,c3db555aca2ae149,122.82686340529477,39.22004076400581
c:/Github/BDC2026\test\819.jpg,819.jpg,test,,7145,1782752596.0,2026-06-30 00:03:16,e59c3e81ed5f1c5055f05ec92a4a0a6a,False,297,170,RGB,JPEG,1.7470588235294118,c3db555aca2ae149,122.82686340529477,39.22004076400581
c:/Github/BDC2026\train\2_Organic\O_4614.jpg,O_4614.jpg,train,2_Organic,8436,1604328412.0,2020-11-02 21:46:52,e5fe7ca5130d1f69ab860e67cb1b49ae,False,194,259,RGB,JPEG,0.749034749034749,a725d45a85064bfd,198.9795738300893,68.47772556447649
c:/Github/BDC2026\test\134.jpg,134.jpg,test,,8436,1782752596.0,2026-06-30 00:03:16,e5fe7ca5130d1f69ab860e67cb1b49ae,False,194,259,RGB,JPEG,0.749034749034749,a725d45a85064bfd,198.9795738300893,68.47772556447649
c:/Github/BDC2026\train\2_Organic\O_4528.jpg,O_4528.jpg,train,2_Organic,7413,1604328412.0,2020-11-02 21:46:52,e6bc481e7668f03376f4912cb7c934aa,False,275,183,RGB,JPEG,1.5027322404371584,858b8e953d8bd06e,136.51111773472428,64.23792673843319
c:/Github/BDC2026\test\1118.jpg,1118.jpg,test,,7413,1782752596.0,2026-06-30 00:03:16,e6bc481e7668f03376f4912cb7c934aa,False,275,183,RGB,JPEG,1.5027322404371584,858b8e953d8bd06e,136.51111773472428,64.23792673843319
c:/Github/BDC2026\train\2_Organic\O_4551.jpg,O_4551.jpg,train,2_Organic,5721,1604328412.0,2020-11-02 21:46:52,e8f4560fef867445406ebca7cea23d46,False,297,170,RGB,JPEG,1.7470588235294118,a24b1cf5dc40d7f0,152.51071499306792,68.6253144801932
c:/Github/BDC2026\test\1026.jpg,1026.jpg,test,,5721,1782752596.0,2026-06-30 00:03:16,e8f4560fef867445406ebca7cea23d46,False,297,170,RGB,JPEG,1.7470588235294118,a24b1cf5dc40d7f0,152.51071499306792,68.6253144801932
c:/Github/BDC2026\train\2_Organic\O_4668.jpg,O_4668.jpg,train,2_Organic,11287,1604328412.0,2020-11-02 21:46:52,ed8b2230467cb1591e55ccd04070ceea,False,299,169,RGB,JPEG,1.7692307692307692,d73a42b636c5d891,81.27105473207867,60.09031692855891
c:/Github/BDC2026\test\595.jpg,595.jpg,test,,11287,1782752596.0,2026-06-30 00:03:16,ed8b2230467cb1591e55ccd04070ceea,False,299,169,RGB,JPEG,1.7692307692307692,d73a42b636c5d891,81.27105473207867,60.09031692855891
c:/Github/BDC2026\train\2_Organic\O_4701.jpg,O_4701.jpg,train,2_Organic,8154,1604328412.0,2020-11-02 21:46:52,efe0074c30f608f819599d82f86400c0,False,247,204,RGB,JPEG,1.2107843137254901,be96c57ad0608b4b,173.1002818131301,75.42458177819258
c:/Github/BDC2026\test\292.jpg,292.jpg,test,,8154,1782752596.0,2026-06-30 00:03:16,efe0074c30f608f819599d82f86400c0,False,247,204,RGB,JPEG,1.2107843137254901,be96c57ad0608b4b,173.1002818131301,75.42458177819258
c:/Github/BDC2026\train\2_Organic\O_4485.jpg,O_4485.jpg,train,2_Organic,9137,1604328410.0,2020-11-02 21:46:50,f23d03fb5000817114f98fc40f2d5469,False,270,187,RGB,JPEG,1.4438502673796791,e8b895d35b846b19,181.85651944279394,77.34239218595313
c:/Github/BDC2026\test\731.jpg,731.jpg,test,,9137,1782752596.0,2026-06-30 00:03:16,f23d03fb5000817114f98fc40f2d5469,False,270,187,RGB,JPEG,1.4438502673796791,e8b895d35b846b19,181.85651944279394,77.34239218595313
c:/Github/BDC2026\train\2_Organic\O_4464.jpg,O_4464.jpg,train,2_Organic,8703,1604328410.0,2020-11-02 21:46:50,f35ce9983b0b52b9c2a78de61f92cf11,False,274,184,RGB,JPEG,1.4891304347826086,b9b4f04b8f1c92b4,192.329273775521,70.15461559217417
c:/Github/BDC2026\test\598.jpg,598.jpg,test,,8703,1782752596.0,2026-06-30 00:03:16,f35ce9983b0b52b9c2a78de61f92cf11,False,274,184,RGB,JPEG,1.4891304347826086,b9b4f04b8f1c92b4,192.329273775521,70.15461559217417
c:/Github/BDC2026\train\2_Organic\O_4679.jpg,O_4679.jpg,train,2_Organic,7411,1604328412.0,2020-11-02 21:46:52,f4426938d954d49104eb97e264cf3a28,False,179,282,RGB,JPEG,0.6347517730496454,b2d25a21e79d9961,197.2177384206981,48.75756259529038
c:/Github/BDC2026\test\319.jpg,319.jpg,test,,7411,1782752596.0,2026-06-30 00:03:16,f4426938d954d49104eb97e264cf3a28,False,179,282,RGB,JPEG,0.6347517730496454,b2d25a21e79d9961,197.2177384206981,48.75756259529038
c:/Github/BDC2026\train\2_Organic\O_4617.jpg,O_4617.jpg,train,2_Organic,10462,1604328412.0,2020-11-02 21:46:52,f5acaf5a7a1b5c28f349902156abbbf6,False,259,194,RGB,JPEG,1.3350515463917525,b9ca873496b09f07,139.56183576802133,59.36108113069972
c:/Github/BDC2026\test\1343.jpg,1343.jpg,test,,10462,1782752596.0,2026-06-30 00:03:16,f5acaf5a7a1b5c28f349902156abbbf6,False,259,194,RGB,JPEG,1.3350515463917525,b9ca873496b09f07,139.56183576802133,59.36108113069972
c:/Github/BDC2026\train\2_Organic\O_4746.jpg,O_4746.jpg,train,2_Organic,9081,1604328412.0,2020-11-02 21:46:52,f5dceaf8d75049dd76576e93fc2957c2,False,310,163,RGB,JPEG,1.901840490797546,a52b4f9d7a940ca6,102.18048024276008,72.80199193990252
c:/Github/BDC2026\test\1399.jpg,1399.jpg,test,,9081,1782752596.0,2026-06-30 00:03:16,f5dceaf8d75049dd76576e93fc2957c2,False,310,163,RGB,JPEG,1.901840490797546,a52b4f9d7a940ca6,102.18048024276008,72.80199193990252
c:/Github/BDC2026\train\2_Organic\O_4829.jpg,O_4829.jpg,train,2_Organic,5868,1604328412.0,2020-11-02 21:46:52,f64794a481c9d6fc27aac7b2b09c6c0b,False,275,184,RGB,JPEG,1.4945652173913044,ea8d615b316c9a66,176.96730566534916,57.21004368143869
c:/Github/BDC2026\test\498.jpg,498.jpg,test,,5868,1782752596.0,2026-06-30 00:03:16,f64794a481c9d6fc27aac7b2b09c6c0b,False,275,184,RGB,JPEG,1.4945652173913044,ea8d615b316c9a66,176.96730566534916,57.21004368143869
c:/Github/BDC2026\train\2_Organic\O_4773.jpg,O_4773.jpg,train,2_Organic,9849,1604328412.0,2020-11-02 21:46:52,f651f91bfbfe5be4b70edbb63c404760,False,205,246,RGB,JPEG,0.8333333333333334,bf2ec2c11b1ec839,200.36056580077994,77.79180956399334
c:/Github/BDC2026\test\790.jpg,790.jpg,test,,9849,1782752596.0,2026-06-30 00:03:16,f651f91bfbfe5be4b70edbb63c404760,False,205,246,RGB,JPEG,0.8333333333333334,bf2ec2c11b1ec839,200.36056580077994,77.79180956399334
c:/Github/BDC2026\train\2_Organic\O_4587.jpg,O_4587.jpg,train,2_Organic,9558,1604328412.0,2020-11-02 21:46:52,f7324e81e382288ff76db5a4251f7d61,False,299,168,RGB,JPEG,1.7797619047619047,bafcee7ae0a08161,132.41733689016297,63.835356040426895
c:/Github/BDC2026\test\1296.jpg,1296.jpg,test,,9558,1782752596.0,2026-06-30 00:03:16,f7324e81e382288ff76db5a4251f7d61,False,299,168,RGB,JPEG,1.7797619047619047,bafcee7ae0a08161,132.41733689016297,63.835356040426895
c:/Github/BDC2026\train\2_Organic\O_4520.jpg,O_4520.jpg,train,2_Organic,7035,1604328412.0,2020-11-02 21:46:52,f798d71ae704f85b5b7daafdd5e418ab,False,275,183,RGB,JPEG,1.5027322404371584,ce781ba6a79f5120,114.89920847822488,41.97158262846966
c:/Github/BDC2026\test\696.jpg,696.jpg,test,,7035,1782752596.0,2026-06-30 00:03:16,f798d71ae704f85b5b7daafdd5e418ab,False,275,183,RGB,JPEG,1.5027322404371584,ce781ba6a79f5120,114.89920847822488,41.97158262846966
c:/Github/BDC2026\train\2_Organic\O_4707.jpg,O_4707.jpg,train,2_Organic,6287,1604328412.0,2020-11-02 21:46:52,fa4eeb3e834b78f95292993f9f1baea0,False,282,179,RGB,JPEG,1.5754189944134078,c0f17d66319c92d9,50.91433891992551,52.22252222177432
c:/Github/BDC2026\test\105.jpg,105.jpg,test,,6287,1782752596.0,2026-06-30 00:03:16,fa4eeb3e834b78f95292993f9f1baea0,False,282,179,RGB,JPEG,1.5754189944134078,c0f17d66319c92d9,50.91433891992551,52.22252222177432
